City,Cloudiness,Country,Date,Humidity,Lat,Lng,Max Temp,Wind Speed
sinnar,100,SD,1619813099,16,13.5691,33.5672,95.04,5.01
punta arenas,90,CL,1619813099,93,-53.15,-70.9167,42.8,6.91
gravdal,40,NO,1619813099,80,68.1214,13.5031,32.0,14.97
ushuaia,75,AR,1619812808,81,-54.8,-68.3,41.0,1.01
nikolskoye,0,RU,1619813100,45,59.7035,30.7861,41.0,4.47
san jeronimo,31,PE,1619813100,47,-11.9472,-75.2829,60.04,4.14
albany,100,US,1619813004,67,42.6001,-73.9662,53.01,8.01
severo-kurilsk,100,RU,1619813071,94,50.6789,156.125,35.01,20.69
tuktoyaktuk,20,CA,1619813100,79,69.4541,-133.0374,17.6,9.22
port augusta,100,AU,1619813101,47,-32.5,137.7667,61.0,4.61
nome,1,US,1619813101,63,64.5011,-165.4064,23.0,3.44
tuatapere,100,NZ,1619813101,93,-46.1333,167.6833,39.99,3.0
makakilo city,75,US,1619812919,57,21.3469,-158.0858,80.6,10.36
castro,39,BR,1619813104,61,-24.7911,-50.0119,63.93,7.9
rikitea,77,PF,1619813104,77,-23.1203,-134.9692,78.87,20.09
karpathos,4,GR,1619813104,77,35.507,27.2132,68.0,1.14
kavaratti,14,IN,1619813105,74,10.5669,72.642,84.29,5.95
port elizabeth,40,ZA,1619812926,67,-33.918,25.5701,59.0,16.11
balotra,10,IN,1619813105,25,25.8333,72.2333,87.73,9.1
hermanus,0,ZA,1619813106,72,-34.4187,19.2345,57.0,3.0
airai,76,TL,1619813106,88,-8.9266,125.4092,56.79,3.06
busselton,98,AU,1619813046,98,-33.65,115.3333,51.01,3.83
mount gambier,100,AU,1619813107,54,-37.8333,140.7667,57.2,10.36
kadhan,100,PK,1619813107,54,24.481,68.9859,84.83,8.41
bulancak,90,TR,1619813108,100,40.9372,38.2291,51.8,5.75
fortuna,1,US,1619813108,82,40.5982,-124.1573,64.0,17.27
deputatskiy,96,RU,1619813108,97,69.3,139.9,18.54,1.43
mataura,62,NZ,1619813109,93,-46.1927,168.8643,39.99,3.0
vila franca do campo,40,PT,1619813109,63,37.7167,-25.4333,59.0,6.91
cape town,0,ZA,1619813109,72,-33.9258,18.4232,59.0,12.66
bengkulu,92,ID,1619813110,91,-3.8004,102.2655,74.98,3.8
bluff,98,NZ,1619813110,93,-46.6,168.3333,39.99,3.0
chuy,12,UY,1619813110,60,-33.6971,-53.4616,66.97,5.03
avarua,90,CK,1619813111,83,-21.2078,-159.775,78.8,9.22
jamestown,1,US,1619813111,49,42.097,-79.2353,46.0,24.16
teahupoo,40,PF,1619813111,74,-17.8333,-149.2667,82.4,10.36
loksa,0,EE,1619813112,70,59.5764,25.7214,42.01,12.66
esperance,40,AU,1619813112,93,-33.8667,121.9,48.2,5.75
potchefstroom,55,ZA,1619813112,57,-26.7167,27.1,56.59,3.85
prince rupert,90,CA,1619813113,87,54.3161,-130.3201,46.4,11.5
hilo,75,US,1619813113,57,19.7297,-155.09,82.4,5.75
butaritari,74,KI,1619813113,75,3.0707,172.7902,82.65,11.23
isangel,100,VU,1619813114,79,-19.55,169.2667,77.13,16.2
nanortalik,10,GL,1619813114,64,60.1432,-45.2371,42.01,5.35
puerto ayora,40,EC,1619813114,69,-0.7393,-90.3518,82.4,14.97
bethel,40,US,1619813115,34,41.3712,-73.414,64.4,18.41
roald,75,NO,1619813115,81,62.5833,6.1333,37.4,10.36
lashio,99,MM,1619813115,88,22.9333,97.75,66.7,1.16
san cristobal,75,VE,1619813116,100,7.7669,-72.225,73.4,9.22
chimore,0,BO,1619813116,42,-16.9833,-65.1333,81.09,2.51
lagoa,100,PT,1619813117,66,39.05,-27.9833,58.69,6.24
arraial do cabo,20,BR,1619813063,64,-22.9661,-42.0278,77.0,5.75
kapaa,20,US,1619813117,65,22.0752,-159.319,78.8,14.97
sechura,51,PE,1619813118,60,-5.5569,-80.8222,78.49,11.7
hasaki,20,JP,1619813118,100,35.7333,140.8333,50.0,1.14
vaini,75,TO,1619813118,94,-21.2,-175.2,75.2,11.5
lavrentiya,50,RU,1619813118,79,65.5833,-171.0,22.19,3.67
beloha,14,MG,1619813119,75,-25.1667,45.05,72.32,4.88
thompson,90,CA,1619812982,33,55.7435,-97.8558,42.8,6.91
camacha,40,PT,1619813119,63,33.0833,-16.3333,62.6,12.66
hithadhoo,85,MV,1619813120,72,-0.6,73.0833,84.0,7.61
litovko,3,RU,1619813120,78,49.2361,135.1742,32.54,4.9
paungde,86,MM,1619813120,67,18.4833,95.5,82.31,8.39
farim,4,GW,1619813121,19,12.4839,-15.2217,92.5,4.21
mar del plata,0,AR,1619813121,60,-38.0023,-57.5575,71.01,12.66
upernavik,100,GL,1619813121,78,72.7868,-56.1549,34.09,5.95
kruisfontein,0,ZA,1619813122,73,-34.0033,24.7314,55.99,1.01
lethem,58,GY,1619813122,57,3.3803,-59.7968,86.99,7.54
hamilton,2,US,1619813123,39,39.1834,-84.5333,69.01,17.05
neverkino,100,RU,1619813123,73,52.7854,46.7417,49.77,15.84
saskylakh,100,RU,1619813123,87,71.9167,114.0833,30.97,9.22
qaanaaq,92,GL,1619813124,68,77.484,-69.3632,32.97,5.64
zabol,71,AF,1619813124,38,32.25,67.25,65.91,8.08
asfi,4,MA,1619813124,65,32.2994,-9.2372,61.83,8.75
mahebourg,20,MU,1619813125,83,-20.4081,57.7,77.0,12.66
hobart,12,AU,1619812856,81,-42.8794,147.3294,48.2,9.22
mae hong son,59,TH,1619813125,90,19.3003,97.9685,74.16,1.66
atuona,2,PF,1619813125,70,-9.8,-139.0333,78.87,4.05
christchurch,90,NZ,1619812885,93,-43.5333,172.6333,50.0,4.61
camapua,100,BR,1619813126,23,-19.5314,-54.0439,85.26,4.43
vitry-le-francois,0,FR,1619813126,46,48.7333,4.5833,51.8,2.3
pisco,0,PE,1619813126,64,-13.7,-76.2167,73.4,13.8
eskil,1,TR,1619813127,49,38.4017,33.4131,64.71,7.76
chicama,40,PE,1619813127,83,-7.8447,-79.1469,68.0,10.36
bathsheba,75,BB,1619813127,57,13.2167,-59.5167,82.4,18.41
garoua,0,CM,1619813128,34,9.3,13.4,96.8,11.5
saint george,1,US,1619813083,13,37.1041,-113.5841,88.0,6.91
labuhan,96,ID,1619813128,86,-6.8844,112.2051,78.48,5.53
dunedin,74,NZ,1619813129,79,-45.8742,170.5036,48.99,1.99
springdale,1,US,1619812920,38,36.1867,-94.1288,80.01,0.96
blatnica,0,BA,1619813129,72,44.4864,17.8233,64.4,2.3
amapa,100,BR,1619813130,95,1.0,-52.0,75.16,4.23
chara,100,RU,1619813130,90,56.9064,118.2631,26.19,0.69
jilin,100,CN,1619813130,86,43.0,126.0,37.63,1.28
new norfolk,43,AU,1619813131,86,-42.7826,147.0587,48.0,3.04
silver city,1,US,1619813031,21,32.7701,-108.2803,70.0,16.11
los llanos de aridane,75,ES,1619813011,63,28.6585,-17.9182,66.2,17.27
vostok,0,RU,1619813131,85,46.4856,135.8833,31.66,1.3
vega de alatorre,98,MX,1619813131,71,20.0333,-96.6333,83.68,11.21
bratsk,21,RU,1619813132,86,56.1325,101.6142,33.8,4.47
ninghai,0,CN,1619813132,72,29.2892,121.4247,68.0,2.24
quatre cocos,20,MU,1619813132,83,-20.2078,57.7625,78.01,12.66
pasighat,100,IN,1619813133,49,28.0667,95.3333,75.97,3.71
jedburgh,8,GB,1619813133,72,55.48,-2.552,39.0,4.85
abalak,48,RU,1619813134,59,58.1286,68.5944,36.64,10.71
bell ville,0,AR,1619813134,36,-32.6259,-62.6887,75.99,15.01
lebu,100,CL,1619813134,84,-37.6167,-73.65,57.38,20.65
east wenatchee,20,US,1619813135,37,47.4157,-120.2931,72.0,3.44
rosita,35,NI,1619813135,34,13.9268,-84.4032,95.02,4.45
janakpur,96,NP,1619812984,38,26.7183,85.9065,80.22,3.94
port alfred,53,ZA,1619813075,78,-33.5906,26.891,62.53,15.19
bredasdorp,0,ZA,1619813137,76,-34.5322,20.0403,51.8,3.44
gwanda,49,ZW,1619813138,79,-20.9333,29.0,64.94,4.41
cabrero,90,CL,1619813138,67,-37.0333,-72.4,60.8,13.8
torbay,75,CA,1619813138,70,47.6666,-52.7314,45.0,13.8
noumea,0,NC,1619813139,68,-22.2763,166.4572,75.0,2.3
broken hill,100,AU,1619813139,54,-31.95,141.4333,55.4,6.91
banda aceh,80,ID,1619813139,82,5.5577,95.3222,78.94,4.72
gelnhausen,100,DE,1619813140,64,50.2,9.1833,48.99,2.3
kolyvan,0,RU,1619813140,49,55.3053,82.7391,45.0,6.71
narsaq,7,GL,1619813140,26,60.9167,-46.05,55.4,32.21
yellowknife,90,CA,1619812881,93,62.456,-114.3525,34.0,11.5
barrow,90,US,1619813141,79,71.2906,-156.7887,21.2,4.61
paka,100,MY,1619813141,94,4.6374,103.4368,77.0,3.89
miedzyrzecz,0,PL,1619813142,81,52.4446,15.578,48.0,2.3
coquimbo,0,CL,1619813143,72,-29.9533,-71.3436,62.6,12.66
valladolid,75,ES,1619813143,87,41.5833,-4.6667,48.0,9.22
kaitangata,57,NZ,1619813144,84,-46.2817,169.8464,44.01,3.0
beckley,40,US,1619813144,32,37.7782,-81.1882,68.0,24.16
longyearbyen,75,SJ,1619813145,67,78.2186,15.6401,17.6,16.11
talnakh,15,RU,1619813145,81,69.4865,88.3972,16.05,3.31
port lincoln,100,AU,1619813145,41,-34.7333,135.8667,67.66,11.41
san patricio,90,US,1619813146,89,28.017,-97.5169,78.8,8.01
cherskiy,98,RU,1619813146,96,68.75,161.3,7.9,1.77
pangai,40,TO,1619813146,83,-19.8,-174.35,77.0,13.8
alenquer,75,BR,1619813147,89,-1.9417,-54.7383,78.8,9.22
arlit,0,NE,1619813147,5,18.7369,7.3853,92.26,9.84
arak,29,IR,1619813147,28,34.0917,49.6892,64.63,0.27
manado,20,ID,1619813148,94,1.487,124.8455,75.2,1.14
port hardy,75,CA,1619813148,82,50.6996,-127.4199,51.8,12.66
souillac,20,MU,1619813148,83,-20.5167,57.5167,77.0,12.66
tasiilaq,50,GL,1619813149,80,65.6145,-37.6368,32.0,6.91
gombong,96,ID,1619813149,100,-7.6072,109.5142,53.01,2.26
mareeba,75,AU,1619813149,83,-17.0,145.4333,71.6,6.91
conceicao da barra,92,BR,1619812886,70,-18.5933,-39.7322,75.11,11.9
dikson,75,RU,1619813150,95,73.5069,80.5464,4.15,10.0
richards bay,99,ZA,1619813150,87,-28.783,32.0377,65.21,15.82
omsukchan,100,RU,1619813151,91,62.5333,155.8,24.76,3.4
chumphon,99,TH,1619813151,94,10.3333,98.8333,71.85,0.54
seymchan,100,RU,1619813151,95,62.8833,152.4333,28.72,1.21
pastavy,84,BY,1619812995,81,55.1168,26.8326,40.48,10.47
khatanga,99,RU,1619813071,94,71.9667,102.5,29.91,8.43
atar,0,MR,1619813152,17,20.5169,-13.0499,87.87,9.1
olafsvik,66,IS,1619813152,62,64.8945,-23.7142,35.56,28.12
yar-sale,100,RU,1619813152,93,66.8333,70.8333,25.38,12.8
jardim,0,BR,1619812947,24,-21.4803,-56.1381,86.14,2.82
cabo san lucas,1,MX,1619813153,36,22.8909,-109.9124,88.0,9.22
ketchikan,90,US,1619813153,93,55.3422,-131.6461,46.4,9.22
borovskoy,5,KZ,1619813154,52,53.8,64.15,41.7,4.63
rawson,100,AR,1619813154,28,-43.3002,-65.1023,71.1,3.74
uruana,100,BR,1619813154,82,-15.4981,-49.6875,74.14,4.68
ixtapa,40,MX,1619813155,74,20.7,-105.2,80.6,12.66
belaya kholunitsa,100,RU,1619813155,88,58.84,50.8528,44.17,13.6
abyek,40,IR,1619813155,42,36.0667,50.55,66.2,6.91
ekibastuz,99,KZ,1619813156,46,51.6667,75.3667,48.61,9.75
ostrovnoy,58,RU,1619813156,89,68.0531,39.5131,17.37,7.43
batemans bay,7,AU,1619813156,97,-35.7167,150.1833,54.0,4.0
karratha,7,AU,1619813156,46,-20.7377,116.8463,79.34,3.36
griffith,1,US,1619813157,53,41.5284,-87.4237,50.0,11.5
faanui,100,PF,1619813157,75,-16.4833,-151.75,79.86,2.48
vestmannaeyjar,96,IS,1619813158,79,63.4427,-20.2734,41.81,5.88
puerto madryn,100,AR,1619813158,27,-42.7692,-65.0385,73.27,6.4
yabelo,63,ET,1619813158,86,4.8833,38.0833,59.58,4.9
vao,97,NC,1619813159,64,-22.6667,167.4833,74.53,18.99
tiarei,40,PF,1619813159,74,-17.5333,-149.3333,82.4,10.36
lat yao,97,TH,1619813160,99,15.751,99.7893,81.0,5.93
hovd,100,MN,1619813160,29,48.0056,91.6419,59.92,10.11
oleksandrivka,100,UA,1619813160,84,48.9634,32.2349,55.67,10.96
boa vista,75,BR,1619813161,62,2.8197,-60.6733,86.0,4.61
pangnirtung,40,CA,1619813162,86,66.1451,-65.7125,33.8,9.22
tiksi,100,RU,1619813162,83,71.6872,128.8694,30.31,3.44
luderitz,0,NA,1619813162,41,-26.6481,15.1594,65.01,18.03
onega,100,RU,1619813122,84,63.9061,38.1404,32.83,4.45
saint-philippe,0,RE,1619813163,83,-21.3585,55.7679,75.2,5.75
vanavara,100,RU,1619812875,98,60.34,102.2797,33.21,5.21
kodiak,1,US,1619813163,43,57.79,-152.4072,48.2,13.8
phon,99,TH,1619813164,99,15.816,102.5998,80.01,4.5
vilhena,40,BR,1619813089,54,-12.7406,-60.1458,84.2,9.22
victoria,100,HK,1619813081,87,22.2855,114.1577,77.0,2.24
rocha,21,UY,1619813164,70,-34.4833,-54.3333,66.38,4.61
akhtanizovskaya,90,RU,1619813164,93,45.32,37.1,51.8,4.47
guerrero negro,0,MX,1619813165,26,27.9769,-114.0611,85.59,12.15
kamina,100,CD,1619813165,93,-8.7386,24.9906,66.27,3.2
guinguineo,0,SN,1619813166,38,14.2667,-15.95,93.2,13.8
porto novo,40,BJ,1619813166,84,6.4965,2.6036,84.2,13.8
alofi,75,NU,1619813166,83,-19.0595,-169.9187,82.4,4.61
rafai,100,CF,1619813167,79,4.95,23.9167,71.4,0.85
bereda,70,ES,1619813167,85,43.2686,-7.5406,48.99,5.01
rantepao,76,ID,1619813167,96,-2.9701,119.8978,64.6,2.64
nsoko,76,SZ,1619813168,73,-27.0333,31.95,68.0,8.05
te anau,100,NZ,1619813168,94,-45.4167,167.7167,38.26,0.89
fairview,20,US,1619813169,37,40.8126,-73.999,66.99,16.11
miles city,1,US,1619813100,16,46.4083,-105.8406,86.0,26.46
toora-khem,100,RU,1619813169,99,52.4675,96.11,36.36,2.06
gat,0,IL,1619813105,43,31.61,34.7642,73.99,6.31
palekh,100,RU,1619813169,80,56.8028,41.8572,52.34,18.61
mangrol,100,IN,1619813170,75,21.1167,70.1167,82.38,8.46
amga,94,RU,1619813170,98,60.8953,131.9608,27.32,2.89
plettenberg bay,0,ZA,1619813171,76,-34.0527,23.3716,56.39,5.39
maine-soroa,0,NE,1619813171,9,13.2114,12.0241,89.31,10.02
celestun,60,MX,1619813171,58,20.8667,-90.4,87.96,12.48
east london,77,ZA,1619813172,73,-33.0153,27.9116,61.99,12.75
fraserburgh,21,GB,1619813172,73,57.6874,-2.0184,41.0,8.3
marzuq,100,YE,1619813172,55,14.4,46.4667,76.23,2.42
grand gaube,6,MU,1619813173,81,-20.0064,57.6608,78.01,5.99
pemba,75,MZ,1619813173,83,-12.974,40.5178,82.4,5.75
kabinda,100,CD,1619813173,96,-6.1333,24.4833,67.51,1.68
tagnanan,20,PH,1619813174,83,7.2836,125.8422,78.8,4.61
taurage,100,LT,1619813174,80,55.2522,22.2897,43.27,4.61
orlik,100,RU,1619813174,98,52.5178,99.825,35.08,2.01
katsuura,20,JP,1619813175,82,35.1333,140.3,60.8,11.5
college,75,US,1619813175,51,64.8569,-147.8028,35.6,12.66
pevek,100,RU,1619813057,92,69.7008,170.3133,15.44,11.41
southbridge,69,US,1619813176,60,42.0751,-72.0334,60.01,1.99
nouadhibou,0,MR,1619813176,78,20.931,-17.0347,71.6,16.11
ouadda,80,CF,1619813176,48,8.0777,22.4007,78.3,4.43
clyde river,75,CA,1619813177,100,70.4692,-68.5914,24.8,3.44
rosarito,20,MX,1619813177,60,32.3333,-117.0333,89.6,10.36
bitung,20,ID,1619813177,94,1.4451,125.1824,75.2,1.14
boa viagem,67,BR,1619813178,65,-5.1275,-39.7322,80.94,4.09
ituango,99,CO,1619813178,91,7.1712,-75.764,67.78,2.26
udachnyy,100,RU,1619813178,99,66.4167,112.4,27.12,4.03
marquette,2,US,1619813179,35,46.5333,-87.6335,48.99,11.01
fenoarivo,20,MG,1619813179,94,-18.933,47.4354,62.6,3.44
coahuayana,1,MX,1619813179,48,18.7333,-103.6833,84.2,5.75
zelenogorskiy,0,RU,1619813180,49,55.0333,87.0,42.8,8.95
oranjestad,20,AW,1619813002,61,12.524,-70.027,84.2,14.97
lae,23,PG,1619813180,91,-6.7221,146.9847,74.41,5.46
xuddur,99,SO,1619813180,67,4.1213,43.8894,79.5,4.25
provideniya,99,RU,1619813181,59,64.3833,-173.3,28.71,0.81
nemuro,92,JP,1619813181,77,43.3236,145.575,38.1,25.23
porterville,1,US,1619813107,25,36.0652,-119.0168,89.01,10.36
mahajanga,20,MG,1619813182,94,-15.7167,46.3167,80.6,6.67
fairbanks,40,US,1619812953,64,64.8378,-147.7164,35.6,8.05
ewa beach,75,US,1619812914,57,21.3156,-158.0072,80.6,10.36
kedrovyy,0,RU,1619813182,60,56.1667,91.8167,39.2,2.24
leh,77,IN,1619813182,44,34.1667,77.5833,38.98,2.33
kurchum,99,KZ,1619813183,67,48.5722,83.6542,55.36,12.35
gelemso,98,ET,1619813175,85,8.8167,40.5167,61.05,2.44
nassjo,20,SE,1619813183,74,57.6531,14.6968,32.0,2.48
yinchuan,2,CN,1619813184,22,38.4681,106.2731,59.94,5.82
salamiyah,0,SY,1619813184,28,35.0113,37.0532,69.69,7.96
punto fijo,100,VE,1619813184,64,11.6956,-70.1996,82.92,6.44
raudeberg,15,NO,1619813184,75,61.9875,5.1352,41.0,17.92
port hedland,2,AU,1619813185,83,-20.3167,118.5667,71.6,5.75
baglung,81,NP,1619813185,44,28.2719,83.5898,68.7,4.83
opuwo,96,NA,1619813186,36,-18.0607,13.84,74.21,3.67
bara,89,NG,1619813186,23,10.3744,10.7288,90.23,4.7
itarema,68,BR,1619813186,80,-2.9248,-39.9167,80.37,11.72
muros,3,ES,1619813186,70,42.7762,-9.0603,53.01,5.01
burma,46,MM,1619813187,87,22.0,98.0,67.8,1.77
sur,61,OM,1619813187,39,22.5667,59.5289,85.24,7.96
sitka,90,US,1619813188,87,57.0531,-135.33,46.4,4.61
ada,1,US,1619813092,24,43.4166,-116.1262,79.0,8.05
waingapu,11,ID,1619813188,86,-9.6567,120.2641,77.0,5.79
berwick,6,US,1619812901,51,41.0545,-76.2333,57.99,7.0
coari,41,BR,1619813188,86,-4.085,-63.1414,81.63,0.31
mbanza-ngungu,100,CD,1619813189,94,-5.25,14.8667,70.38,2.15
abu samrah,0,SY,1619813189,34,35.3029,37.1841,70.66,6.53
mazatlan,1,MX,1619813083,51,23.2167,-106.4167,84.2,5.75
marsh harbour,6,BS,1619813128,65,26.5412,-77.0636,79.63,9.64
volax,0,GR,1619813190,82,41.3167,24.0,64.4,1.03
luanda,20,AO,1619812986,94,-8.8368,13.2343,78.8,4.61
nueva gerona,16,CU,1619813190,56,21.8833,-82.8,86.2,12.93
san julian,62,MX,1619813190,50,21.0167,-102.1667,89.01,16.6
sao joao da barra,0,BR,1619813191,64,-21.6403,-41.0511,75.2,8.05
ponnani,40,IN,1619813191,78,10.767,75.9252,82.4,3.42
oum hadjer,0,TD,1619813191,12,13.2954,19.6966,92.1,2.93
nyagan,71,RU,1619813192,95,62.1406,65.3936,28.45,4.79
lorengau,100,PG,1619813192,77,-2.0226,147.2712,79.99,3.0
maunabo,13,PR,1619813192,77,18.0072,-65.8993,82.99,8.99
krasnoselkup,100,RU,1619813193,97,65.7,82.4667,33.1,13.62
bang bo,20,TH,1619813193,89,13.5743,100.8353,78.8,5.75
marawi,62,PH,1619813193,90,7.9986,124.2928,75.0,5.99
sioux lookout,20,CA,1619813194,23,50.1001,-91.917,48.2,8.05
birao,43,CF,1619813194,27,10.2849,22.7882,89.8,4.79
chernihiv,100,UA,1619813194,93,51.0,32.0,53.91,7.34
salalah,40,OM,1619813048,83,17.0151,54.0924,82.4,3.44
pacific grove,20,US,1619813195,67,36.6177,-121.9166,60.8,11.5
aruppukkottai,40,IN,1619813195,79,9.5167,78.1,84.2,3.44
asau,100,RO,1619813195,50,46.4333,26.4,57.99,5.3
kirakira,100,SB,1619813196,87,-10.4544,161.9205,78.49,7.36
iqaluit,75,CA,1619812922,75,63.7506,-68.5145,35.6,17.27
port macquarie,24,AU,1619813018,99,-31.4333,152.9167,57.0,4.56
codrington,100,AU,1619813196,44,-38.2667,141.9667,58.6,9.64
biltine,55,TD,1619813196,11,14.5333,20.9167,89.2,5.82
teyateyaneng,12,LS,1619813197,79,-29.1472,27.7489,47.19,2.84
baoro,65,CF,1619813197,85,5.6667,15.9667,71.13,1.39
merritt island,20,US,1619813044,45,28.5392,-80.672,93.99,11.5
ambanja,10,MG,1619813198,90,-13.6833,48.45,75.56,3.04
durango,0,MX,1619813042,13,24.8333,-104.8333,75.13,5.08
tamandare,100,BR,1619813198,77,-8.7597,-35.1047,79.11,10.56
rio grande,0,BR,1619813198,64,-32.035,-52.0986,73.4,11.5
punta alta,1,AR,1619812965,40,-38.8759,-62.0736,72.18,16.89
osmena,98,PH,1619813199,71,10.5208,119.9258,82.06,5.32
twentynine palms,1,US,1619813199,4,34.1356,-116.0542,95.0,2.06
arkhangelsk,40,RU,1619813199,86,64.5401,40.5433,33.8,4.38
teya,100,RU,1619813200,95,60.3778,92.6267,36.28,10.69
sakakah,0,SA,1619813200,12,29.9697,40.2064,87.8,3.44
tamsweg,100,AT,1619813200,78,47.1281,13.811,48.0,4.94
jaisalmer,0,IN,1619813201,42,26.9147,70.9181,84.09,16.26
teguise,20,ES,1619813201,59,29.0605,-13.564,66.2,17.27
jaciara,91,BR,1619813201,39,-15.9653,-54.9683,87.71,2.06
fare,100,PF,1619813202,70,-16.7,-151.0167,80.33,1.88
aykhal,100,RU,1619813202,98,66.0,111.5,27.68,4.79
namibe,28,AO,1619813168,77,-15.1961,12.1522,75.25,5.46
anchorage,75,US,1619813202,29,61.2181,-149.9003,44.6,6.91
naze,100,JP,1619813203,79,28.3667,129.4833,66.6,14.88
soyo,80,AO,1619813203,85,-6.1349,12.3689,79.47,4.88
fort abbas,56,PK,1619813203,24,29.1925,72.8536,88.11,9.84
hokitika,3,NZ,1619813204,77,-42.7167,170.9667,49.19,4.63
alta floresta,40,BR,1619813204,66,-9.8756,-56.0861,86.0,4.61
tromso,75,NO,1619813205,86,69.6496,18.957,25.0,4.61
coxim,100,BR,1619813205,23,-18.5067,-54.76,87.93,6.33
baherden,35,TM,1619813205,53,38.4362,57.4316,74.25,6.51
piacabucu,15,BR,1619813206,79,-10.4056,-36.4344,78.84,11.25
srednekolymsk,15,RU,1619813206,89,67.45,153.6833,14.85,7.92
boca do acre,40,BR,1619813206,43,-8.7522,-67.3978,88.54,3.91
vila velha,20,BR,1619812987,69,-20.3297,-40.2925,77.0,13.8
inuvik,100,CA,1619812955,80,68.3499,-133.7218,28.4,8.05
plessisville,100,CA,1619813207,93,46.2186,-71.762,50.0,1.14
petropavlovsk-kamchatskiy,90,RU,1619813109,100,53.0452,158.6483,35.6,4.47
lakes entrance,0,AU,1619813207,60,-37.8811,147.981,53.76,4.72
ilulissat,20,GL,1619813207,60,69.2167,-51.1,39.2,4.61
geraldton,95,AU,1619813208,54,-28.7667,114.6,57.2,12.66
meulaboh,53,ID,1619813208,88,4.1363,96.1285,77.0,3.89
qinzhou,88,CN,1619813208,83,21.95,108.6167,73.15,3.85
xudat,10,AZ,1619813209,89,41.631,48.681,54.55,4.56
vidim,74,RU,1619813209,93,56.4088,103.1106,32.31,2.73
tarko-sale,100,RU,1619813209,93,64.9225,77.785,32.0,3.0
awbari,0,LY,1619813210,7,26.5921,12.7805,89.69,11.23
krabi,40,TH,1619813210,94,8.0726,98.9105,82.99,2.3
kui buri,71,TH,1619813211,74,12.0828,99.8543,82.99,3.24
dingle,100,PH,1619813211,73,10.9995,122.6711,75.72,5.06
pontes e lacerda,6,BR,1619813185,55,-15.2261,-59.3353,82.44,3.22
kiunga,96,PG,1619813212,99,-6.1219,141.2906,71.02,0.92
limoeiro de anadia,67,BR,1619813212,81,-9.7406,-36.5028,76.6,8.99
kalmunai,91,LK,1619813212,84,7.4167,81.8167,79.84,6.62
arawa,39,PG,1619813213,88,-6.2132,155.5367,75.76,1.61
mackay,75,AU,1619813002,88,-21.15,149.2,66.2,9.22
port blair,100,IN,1619813213,74,11.6667,92.75,81.54,1.88
tilichiki,63,RU,1619813213,92,60.4667,166.1,21.22,9.4
fez,75,MA,1619813214,93,34.0372,-4.9998,51.8,9.22
alencon,90,FR,1619813214,76,48.4333,0.0833,50.0,6.91
hambantota,28,LK,1619813214,81,6.1241,81.1185,80.02,5.88
sovetskaya gavan,100,RU,1619813215,84,48.9723,140.2878,35.46,9.93
ribas do rio pardo,99,BR,1619813215,22,-20.4431,-53.7592,85.03,5.14
egvekinot,99,RU,1619813215,91,66.3167,-179.1667,19.78,0.43
buala,100,SB,1619813215,79,-8.145,159.5921,79.66,4.59
zyryanka,100,RU,1619813216,87,65.75,150.85,30.47,3.47
ballina,90,AU,1619813216,100,-28.8667,153.5667,62.6,4.61
georgetown,40,MY,1619813216,94,5.4112,100.3354,77.0,7.43
ponta do sol,89,PT,1619813217,54,32.6667,-17.1,59.0,7.0
essenbach,100,DE,1619813217,86,48.6167,12.2167,48.0,4.0
emba,2,KZ,1619813217,45,48.8264,58.1442,50.7,7.87
nyurba,100,RU,1619813218,97,63.2842,118.3319,30.76,4.21
broome,75,US,1619813218,50,42.2506,-75.833,54.0,21.85
severobaykalsk,99,RU,1619813218,78,55.65,109.3167,26.19,5.06
ust-kuyga,98,RU,1619813219,91,70.0167,135.6,29.68,3.04
saint anthony,1,US,1619813219,26,45.0205,-93.218,61.0,2.62
mehamn,75,NO,1619813219,80,71.0357,27.8492,32.0,11.5
dudinka,65,RU,1619813220,98,69.4058,86.1778,14.63,6.24
kabo,94,CF,1619813220,63,7.6994,18.629,79.12,9.42
cam ranh,20,VN,1619813220,88,11.9214,109.1591,77.0,3.44
kanniyakumari,29,IN,1619813220,80,8.0833,77.5667,82.72,8.39
sinnamary,100,GF,1619813221,92,5.3833,-52.95,75.06,4.59
saldanha,0,ZA,1619813221,67,-33.0117,17.9442,57.2,10.36
rincon,75,US,1619813177,27,32.296,-81.2354,89.6,20.71
cockburn town,20,TC,1619813221,61,21.4612,-71.1419,82.4,11.5
olga,14,RU,1619813222,93,43.7444,135.2892,35.08,2.24
rubiataba,96,BR,1619813222,81,-15.1644,-49.8033,75.33,2.71
gigmoto,8,PH,1619813222,76,13.7796,124.39,75.81,0.27
derzhavinsk,45,KZ,1619813223,54,51.1,66.3167,48.4,8.43
ribeira grande,75,PT,1619813223,67,38.5167,-28.7,62.6,6.91
lompoc,42,US,1619813013,78,34.6391,-120.4579,70.0,8.99
lahad datu,31,MY,1619813223,91,5.0268,118.327,75.65,3.15
budisov nad budisovkou,99,CZ,1619813224,53,49.7951,17.6297,54.0,11.99
carutapera,100,BR,1619813224,92,-1.195,-46.02,76.46,2.42
kitale,76,KE,1619813224,80,1.0157,35.0062,58.48,1.19
tura,24,IN,1619813225,42,25.5198,90.2201,75.85,4.52
saint-pierre,0,RE,1619813225,83,-21.3393,55.4781,75.2,5.75
olinda,40,BR,1619813225,78,-8.0089,-34.8553,78.8,6.91
sumbe,74,AO,1619813226,85,-11.2061,13.8437,78.55,5.66
ukiah,1,US,1619812971,28,39.1502,-123.2078,80.6,3.44
avera,1,US,1619813226,34,33.194,-82.5271,80.6,16.11
beringovskiy,100,RU,1619813226,82,63.05,179.3167,25.07,9.22
matagami,90,CA,1619813227,74,49.7502,-77.6328,30.2,29.93
nantucket,1,US,1619813227,59,41.2835,-70.0995,60.8,24.16
mocuba,0,MZ,1619813227,97,-16.8392,36.9856,71.78,3.47
axim,76,GH,1619813227,78,4.8699,-2.2405,81.9,6.73
kununurra,0,AU,1619813228,94,-15.7667,128.7333,62.6,4.7
anadyr,100,RU,1619813228,85,64.75,177.4833,12.2,11.18
sibiti,100,CG,1619813051,97,-3.6819,13.3499,71.1,0.27
vagur,99,FO,1619813172,71,61.4732,-6.8119,38.98,9.15
tyukalinsk,96,RU,1619813229,54,55.8732,72.1967,42.58,14.43
makhalino,88,RU,1619813229,74,53.0854,46.2211,49.64,15.26
jatibarang,100,ID,1619813229,83,-6.4747,108.3153,77.72,4.03
rundu,99,NA,1619813230,42,-17.9333,19.7667,73.99,2.73
changying,61,CN,1619813230,89,52.8733,123.3213,29.52,0.96
norman wells,20,CA,1619813230,42,65.282,-126.8329,41.0,4.61
jinchang,12,CN,1619813231,18,38.4953,102.1739,62.4,7.92
minot,1,US,1619813190,20,48.2325,-101.2963,73.4,25.32
nueva concepcion,20,GT,1619813231,58,14.2,-91.3,89.6,6.91
vanimo,100,PG,1619813231,88,-2.6741,141.3028,77.67,5.12
nelson bay,6,AU,1619813232,100,-32.7167,152.15,63.0,5.79
nioro,7,GM,1619813232,28,13.35,-15.75,89.17,9.91
kamenka,98,RU,1619813232,72,51.3223,42.7678,51.01,13.94
leningradskiy,100,RU,1619813232,88,69.3833,178.4167,16.92,21.83
namatanai,36,PG,1619813233,81,-3.6667,152.4333,78.28,3.53
maragogi,100,BR,1619813233,81,-9.0122,-35.2225,78.48,10.94
spokane,75,US,1619813107,30,47.6166,-117.3677,68.0,10.36
dubbo,0,AU,1619813233,93,-32.25,148.6167,50.0,9.22
tawau,20,MY,1619813173,94,4.2498,117.8871,77.0,3.44
yorkton,40,CA,1619813234,31,51.2167,-102.4677,60.8,20.71
sao filipe,47,CV,1619813234,76,14.8961,-24.4956,72.75,10.22
ponta delgada,40,PT,1619813234,63,37.7333,-25.6667,59.0,6.91
lazaro cardenas,32,MX,1619813235,61,17.9583,-102.2,84.15,11.39
arman,100,RU,1619813235,83,59.7,150.1667,30.47,2.37
ifakara,86,TZ,1619813236,95,-8.1333,36.6833,71.55,1.81
nong phai,100,TH,1619813236,80,15.9903,101.0618,79.21,1.12
chokurdakh,40,RU,1619813236,96,70.6333,147.9167,3.88,4.23
zapolyarnyy,20,RU,1619813237,80,69.4154,30.8136,23.0,4.61
antsohihy,0,MG,1619813237,80,-14.8796,47.9875,76.06,4.79
sinjar,1,IQ,1619813237,40,36.3209,41.8754,72.81,7.25
cidreira,0,BR,1619813237,70,-30.1811,-50.2056,69.44,14.58
mount darwin,15,ZW,1619813238,77,-16.7725,31.5838,67.89,2.73
sisimiut,21,GL,1619813238,72,66.9395,-53.6735,38.48,4.5
caxito,20,AO,1619813238,94,-8.5785,13.6643,78.8,4.61
sao jose da coroa grande,100,BR,1619813239,78,-8.8978,-35.1478,79.03,11.23
masuguru,84,TZ,1619813239,96,-11.3667,38.4167,72.55,3.44
angoche,0,MZ,1619813239,80,-16.2325,39.9086,78.49,3.91
worthing,20,GB,1619813240,66,50.8145,-0.3713,48.2,3.44
scarborough,60,GB,1619813026,84,54.2797,-0.4044,44.01,1.01
daru,98,PG,1619813240,84,-9.0763,143.2092,77.56,9.08
la peca,46,PE,1619813240,68,-5.6111,-78.435,77.85,3.33
hualmay,30,PE,1619813241,74,-11.0964,-77.6139,71.6,7.78
carnarvon,78,AU,1619813089,59,-24.8667,113.6333,64.4,10.36
cavalcante,98,BR,1619813241,76,-13.7975,-47.4583,74.1,4.25
nkwerre,92,NG,1619813242,84,5.7556,7.1063,78.08,7.34
okhotsk,100,RU,1619813242,80,59.3833,143.3,30.69,4.65
yulara,93,AU,1619813242,40,-25.2406,130.9889,53.6,6.91
bonavista,100,CA,1619813243,62,48.6499,-53.1147,51.8,4.61
cururupu,80,BR,1619813243,81,-1.8283,-44.8683,80.47,3.13
puerto el triunfo,20,SV,1619813244,49,13.2833,-88.55,93.2,9.22
ganta,86,LR,1619813244,89,7.3022,-8.5308,73.76,2.24
mahabad,8,IR,1619813245,93,36.7631,45.7222,54.95,5.55
buraydah,0,SA,1619813245,23,26.326,43.975,82.4,4.61
san vicente de canete,30,PE,1619813246,74,-13.0751,-76.3835,71.29,7.29
redcliffe,0,AU,1619813246,88,-27.2307,153.0973,64.4,9.22
marzanesti,73,RO,1619813246,60,43.9333,25.4667,64.99,3.13
soloneshnoye,100,RU,1619813247,87,51.6544,84.3197,43.14,1.21
kontagora,9,NG,1619813247,27,10.3999,5.4695,91.04,4.45
ust-nera,97,RU,1619813248,96,64.5667,143.2,30.72,2.19
shache,0,CN,1619813248,13,38.4167,77.2406,70.61,7.27
thinadhoo,11,MV,1619813248,69,0.5333,72.9333,83.43,3.33
seoul,90,KR,1619813248,81,37.5683,126.9778,50.0,2.3
miri,40,MY,1619813120,94,4.4148,114.0089,77.0,2.3
zheleznodorozhnyy,100,RU,1619813249,87,55.7503,38.0042,52.0,11.18
zlobin,0,HR,1619813249,77,45.2924,14.6541,60.8,3.44
grindavik,40,IS,1619813250,70,63.8424,-22.4338,39.2,20.71
san rafael,100,AR,1619813250,36,-34.6177,-68.3301,72.93,13.67
saint-leu,0,RE,1619813250,83,-21.15,55.2833,75.2,5.75
kargil,66,IN,1619813251,56,34.5667,76.1,36.23,6.02
yegorlykskaya,8,RU,1619813251,94,46.5656,40.6562,54.5,8.16
rio gallegos,20,AR,1619813251,81,-51.6226,-69.2181,50.0,3.44
yaan,54,NG,1619813252,55,7.3833,8.5667,86.54,9.73
ust-kut,100,RU,1619813252,97,56.7938,105.7672,35.15,3.4
cayenne,75,GF,1619813252,78,4.9333,-52.3333,82.4,10.36
fort nelson,75,CA,1619812953,29,58.8053,-122.7002,59.0,9.22
praia da vitoria,20,PT,1619813253,63,38.7333,-27.0667,61.0,2.57
qui nhon,89,VN,1619813253,89,13.7667,109.2333,75.67,4.97
walvis bay,0,NA,1619812989,77,-22.9575,14.5053,60.01,2.3
sambava,8,MG,1619813254,90,-14.2667,50.1667,75.96,8.23
davidson,1,US,1619813254,31,36.1501,-86.7833,77.0,17.27
aswan,0,EG,1619813254,12,24.0934,32.907,90.82,9.31
crotone,40,IT,1619813255,94,39.0851,17.1178,59.0,5.75
calabozo,99,VE,1619813255,62,8.9242,-67.4293,82.22,2.51
aklavik,100,CA,1619813255,80,68.2191,-135.0107,28.4,8.05
tiznit,23,MA,1619813255,76,29.5833,-9.5,55.54,11.56
chapais,75,CA,1619812965,36,49.7834,-74.8492,59.0,12.66
manzhouli,4,CN,1619813256,87,49.6,117.4333,32.25,5.59
yatou,100,CN,1619813256,88,37.15,122.3833,44.67,8.75
padang,100,ID,1619813256,84,-0.9492,100.3543,78.66,3.47
paulo ramos,92,BR,1619813257,90,-4.2167,-45.1833,79.56,2.73
linxia,0,CN,1619813257,34,35.6003,103.2064,53.6,4.18
apatou,100,GF,1619813258,97,5.155,-54.3472,74.71,3.47
mporokoso,100,ZM,1619813258,93,-9.3727,30.125,62.46,3.2
oxapampa,85,PE,1619813258,85,-10.5775,-75.4017,63.73,2.95
koutsouras,21,GR,1619813259,45,35.0339,25.9469,71.17,1.19
atambua,16,ID,1619813259,89,-9.1061,124.8925,71.06,4.43
ola,100,RU,1619813259,84,59.5833,151.2833,30.6,2.33
listvyanka,0,RU,1619813260,65,51.8535,104.8693,37.4,2.24
solano,20,US,1619813260,33,38.2333,-121.9511,84.0,12.66
kavieng,99,PG,1619813260,75,-2.5744,150.7967,82.11,6.8
klyuchi,100,RU,1619813261,46,52.2667,79.1667,49.26,6.46
stafford,42,GB,1619813261,38,52.8052,-2.1164,43.0,7.96
launceston,10,AU,1619813162,93,-41.45,147.1667,48.99,0.43
ramon,47,PH,1619813262,78,16.7842,121.535,74.91,2.44
kez,100,RU,1619813262,81,57.8979,53.7152,42.96,10.47
rylsk,100,RU,1619813064,96,51.5655,34.6822,53.53,10.29
comodoro rivadavia,0,AR,1619813208,45,-45.8667,-67.5,68.0,12.66
baturaja,98,ID,1619813263,98,-4.1333,104.1667,72.93,1.03
zonguldak,3,TR,1619813263,88,41.25,31.8333,55.58,4.9
sal rei,75,CV,1619813118,73,16.1833,-22.9167,73.4,16.11
xining,11,CN,1619813263,31,36.6167,101.7667,50.9,1.77
mino,36,JP,1619813264,91,34.8269,135.4706,57.0,1.68
dali,100,CN,1619813264,79,25.7,100.1833,56.62,1.9
tsiroanomandidy,5,MG,1619813162,87,-18.7667,46.0333,66.09,2.98
umba,100,RU,1619813264,79,66.6871,34.3429,27.18,2.66
rindal,94,NO,1619813265,97,63.0565,9.2124,30.09,3.2
brainerd,1,US,1619813265,21,46.358,-94.2008,57.2,6.91
waipawa,40,NZ,1619813265,71,-41.4122,175.5153,53.6,20.71
manuk mangkaw,100,PH,1619813266,68,4.8,119.85,84.07,7.54
nishihara,75,JP,1619813266,83,26.1842,127.7558,71.6,9.22
damghan,1,IR,1619813266,48,36.1683,54.348,67.75,1.72
pandan,10,PH,1619813267,80,14.0453,124.1694,75.07,3.96
sidi ali,99,DZ,1619813267,75,36.0998,0.4206,59.05,5.46
roma,90,US,1619812985,66,43.2128,-75.4557,46.99,21.85
eydhafushi,54,MV,1619813268,75,5.1033,73.0708,83.34,5.95
sawang daen din,94,TH,1619813268,99,17.4753,103.4575,77.0,5.17
ucluelet,75,CA,1619813112,87,48.9329,-125.5528,51.8,6.91
mahina,40,PF,1619813057,74,-17.5065,-149.489,82.4,10.36
yuxia,0,CN,1619813268,55,34.0615,108.6291,59.0,6.71
ganzhou,0,CN,1619813269,69,28.8184,115.4327,67.53,3.6
la ronge,99,CA,1619812987,46,55.1001,-105.2842,50.0,9.22
sarab,98,IR,1619813269,59,38.6066,44.9883,61.84,3.98
puerto padre,40,CU,1619813269,38,21.195,-76.6028,93.2,12.66
makamba,90,BI,1619813270,93,-4.1348,29.804,61.75,2.91
olkhovka,18,RU,1619813270,58,53.2115,60.6069,41.67,5.61
oyem,100,GA,1619813270,94,1.5995,11.5793,69.85,1.77
hobyo,15,SO,1619813174,66,5.3505,48.5268,84.42,10.42
manggar,99,ID,1619813271,78,-2.8833,108.2667,80.13,0.58
hami,32,CN,1619813271,13,42.8,93.45,72.7,4.38
flinders,1,AU,1619813272,89,-34.5833,150.8552,55.99,1.01
sarahan,12,IN,1619813272,58,31.5167,77.8,52.02,8.39
izhma,100,RU,1619813272,94,65.0083,53.9113,33.78,5.97
bangassou,100,CF,1619813229,70,4.7413,22.8184,73.9,2.1
storslett,100,NO,1619813273,83,69.7678,21.0247,23.61,6.55
honiara,100,SB,1619813273,80,-9.4333,159.95,77.07,5.19
kutum,82,SD,1619813274,14,14.2,24.6667,82.13,8.14
salekhard,100,RU,1619813274,92,66.53,66.6019,11.46,3.36
kunming,40,CN,1619813228,72,25.0389,102.7183,57.2,8.95
hearst,76,CA,1619813275,44,49.6835,-83.6665,37.4,11.5
husavik,90,IS,1619813012,93,66.0449,-17.3389,33.8,12.66
ituiutaba,98,BR,1619813110,42,-18.9689,-49.465,82.22,5.84
tera,9,NE,1619813275,13,14.0078,0.7531,97.93,7.56
santa maria da vitoria,69,BR,1619813276,40,-13.3947,-44.1886,84.88,9.31
stuttgart,90,DE,1619813229,87,48.7823,9.177,44.01,1.14
maceio,40,BR,1619813276,78,-9.6658,-35.7353,80.6,16.11
campbell river,75,CA,1619813276,87,50.0163,-125.2446,55.0,13.8
bairnsdale,0,AU,1619813277,97,-37.8333,147.6167,45.0,4.09
palmer,75,US,1619813277,48,42.1584,-72.3287,60.8,26.46
bay roberts,100,CA,1619813277,64,47.5999,-53.2648,48.99,4.0
kropotkin,1,RU,1619813278,79,45.4375,40.5756,60.01,7.61
portland,75,US,1619813163,52,45.5234,-122.6762,66.2,5.75
storforshei,40,NO,1619813278,69,66.4043,14.5233,34.0,8.05
anupgarh,99,IN,1619813279,23,29.1911,73.2086,89.1,9.48
dukat,100,RU,1619813279,91,62.55,155.55,24.06,3.15
celle,97,DE,1619813279,76,52.6226,10.0805,48.2,1.14
puerto escondido,40,MX,1619813280,70,15.85,-97.0667,86.0,6.91
oktyabrskiy,37,RU,1619813280,61,54.4815,53.471,44.15,6.91
ngunguru,100,NZ,1619813280,95,-35.6167,174.5,54.0,1.99
hirara,100,JP,1619813232,91,24.8,125.2833,74.52,15.57
praya,40,CV,1619813281,73,14.9215,-23.5087,71.6,17.27
belaya gora,100,RU,1619813281,91,68.5333,146.4167,22.24,10.02
najran,75,SA,1619813281,29,17.4924,44.1277,80.6,9.22
